mrun;es_mujer;prioritario;lat_con_error;lon_con_error;rbd;nivel;preferencia_postulante;tipo_prioridad
5283;1;0;-53.164433;-70.916664;24307;-1;1;7
12406;1;1;-51.736465;-72.478722;8422;-1;1;7
18586;1;0;-53.151218;-70.93605;24305;-1;1;7
68038;1;1;-51.732906;-72.517212;8422;-1;1;7
88661;0;0;-53.137505;-70.907845;24307;-1;1;7
125447;1;0;-53.165104;-70.928459;8458;-1;1;7
126238;0;1;-53.162941;-70.91626;11687;-1;1;7
149440;1;0;-51.728592;-72.494652;24317;-1;1;7
161320;0;0;-53.150211;-70.90139;11678;-1;1;7
172515;0;0;-53.295761;-70.367836;16895;-1;1;2
222230;1;0;-53.09808;-70.901054;11680;-1;1;7
284555;1;0;-53.164524;-70.915802;24313;-1;1;7
307440;1;1;-51.733082;-72.516754;8421;-1;1;7
359194;1;0;-53.166225;-70.943275;8458;-1;1;7
379056;1;0;-53.166721;-70.94294;24318;-1;1;7
443134;1;0;-53.164009;-70.918373;8457;-1;1;7
444757;0;0;-53.175579;-70.938713;24305;-1;1;7
451226;1;0;-51.733868;-72.509377;8412;-1;1;2
452098;1;0;-53.131912;-70.870819;24305;-1;1;7
463089;0;0;-53.167534;-70.936874;24329;-1;1;7
468826;0;1;-51.740227;-72.487762;8412;-1;1;7
526488;0;1;-53.333183;-70.050804;8483;-1;1;4
565108;0;0;-53.135426;-70.888908;24329;-1;1;2
596350;1;0;-53.140343;-70.902321;11680;-1;1;7
606372;0;1;-51.733856;-72.51593;8413;-1;1;7
615503;1;1;-53.142216;-70.904922;24307;-1;1;4
636466;0;1;-53.168522;-70.940903;24318;-1;1;2
658517;1;1;-53.166698;-70.940613;24318;-1;1;2
667398;0;0;-53.083878;-70.877312;8449;-1;1;2
672754;0;0;-53.145901;-70.888794;11680;-1;1;7
673405;0;1;-53.152462;-70.943382;8441;-1;1;4
681559;0;0;-53.143116;-70.926743;11680;-1;1;7
693547;1;1;-53.158062;-70.934303;8441;-1;1;7
693593;1;0;-53.147465;-70.925827;24307;-1;1;7
710788;0;1;-51.733234;-72.517479;8417;-1;1;2
729270;0;0;-53.162933;-70.916557;24307;-1;1;7
733805;1;0;-53.163326;-70.918457;11680;-1;1;7
735981;0;1;-51.739838;-72.479988;8412;-1;1;2
823920;0;0;-53.164001;-70.916306;24329;-1;1;2
833458;1;1;-51.739952;-72.486298;8421;-1;1;7
835909;0;0;-53.167244;-70.926323;8435;-1;1;7
859087;1;1;-53.168736;-70.944267;24318;-1;1;2
885452;0;0;-53.162979;-70.917854;24307;-1;1;7
924076;1;0;-53.139481;-70.9049;11680;-1;1;7
936112;0;1;-51.735989;-72.478249;8415;-1;1;7
939474;0;0;-53.166706;-70.949402;24318;-1;1;2
966961;1;0;-53.153629;-70.91021;24318;-1;1;2
993720;1;0;-53.163464;-70.918129;8435;-1;1;2
1005746;1;0;-53.165054;-70.942413;24318;-1;1;2
1021374;0;0;-53.174706;-70.940773;11680;-1;1;7
1066094;0;1;-53.163807;-70.918114;24329;-1;1;4
1091731;1;0;-53.135971;-70.923904;24307;-1;1;2
1100171;1;1;-53.163975;-70.918312;8435;-1;1;7
1129968;0;0;-53.142933;-70.914352;24334;-1;1;7
1139829;0;0;-53.163193;-70.915733;11680;-1;1;7
1159757;1;0;-53.171776;-70.920349;8434;-1;1;7
1230885;1;1;-53.167099;-70.937431;24318;-1;1;2
1232100;0;0;-53.152252;-70.930061;8437;-1;1;5
1249543;1;0;-51.737293;-72.483398;24317;-1;1;7
1256646;0;0;-53.14378;-70.90728;8454;-1;1;7
1258878;1;0;-51.739071;-72.48233;8421;-1;1;7
1268612;1;0;-53.164169;-70.917664;24338;-1;1;2
1301542;1;0;-51.726116;-72.497513;8412;-1;1;5
1324547;0;1;-53.151211;-70.907204;8438;-1;1;2
1326134;0;0;-53.147682;-70.934822;24307;-1;1;7
1360920;0;0;-53.163151;-70.917839;24307;-1;1;2
1369699;0;1;-53.164017;-70.916367;24307;-1;1;7
1401265;0;1;-53.143806;-70.904129;8442;-1;1;4
1413259;0;1;-53.164173;-70.916893;11678;-1;1;7
1431858;1;0;-53.143044;-70.897072;24307;-1;1;7
1451613;1;1;-53.165241;-70.94558;24318;-1;1;4
1473382;0;1;-53.163311;-70.917633;8434;-1;1;7
1490863;1;0;-53.164341;-70.916046;8457;-1;1;7
1513104;1;0;-53.163521;-70.917709;24307;-1;1;7
1514269;1;0;-53.158382;-70.893143;8438;-1;1;7
1546986;0;0;-53.164219;-70.917755;8442;-1;1;7
1589123;0;0;-53.162964;-70.916954;11680;-1;1;7
1593418;1;0;-53.164242;-70.918411;11680;-1;1;7
1611255;1;0;-53.163628;-70.917664;24307;-1;1;7
1628248;0;0;-53.164124;-70.916298;11680;-1;1;7
1640020;0;0;-53.174454;-70.936195;11678;-1;1;7
1673975;1;0;-53.176395;-70.938293;24307;-1;1;2
1698514;1;0;-53.164059;-70.915939;24307;-1;1;7
1710708;1;0;-53.142437;-70.905869;24338;-1;1;7
1745612;0;0;-53.175774;-70.942238;24302;-1;1;7
1760297;1;0;-53.172535;-70.922813;8457;-1;1;7
1771721;0;0;-51.730568;-72.498589;24317;-1;1;7
1806487;1;1;-53.162945;-70.918465;8435;-1;1;7
1854506;1;0;-53.159294;-70.900864;24307;-1;1;7
1893270;0;1;-51.732395;-72.501717;8412;-1;1;4
1941315;0;1;-53.155003;-70.939102;8436;-1;1;7
1969475;1;1;-53.163071;-70.917709;8457;-1;1;7
1983912;0;1;-51.730118;-72.49453;8412;-1;1;4
2021562;1;0;-53.149345;-70.914185;24311;-1;1;5
2023165;1;0;-53.183395;-70.935143;11680;-1;1;7
2045740;1;0;-53.172218;-70.935013;24311;-1;1;2
2063087;1;0;-53.162945;-70.916946;8457;-1;1;7
2066353;0;1;-51.720165;-72.493744;8412;-1;1;7
2091645;1;1;-53.164394;-70.916862;24311;-1;1;7
2121596;1;0;-53.14547;-70.940765;8458;-1;1;7
2124113;1;1;-51.738979;-72.480904;8415;-1;1;7
2124301;1;0;-53.169277;-70.947823;8434;-1;1;2
2125988;1;0;-53.163372;-70.917778;24305;-1;1;2
2141251;0;0;-53.164253;-70.916916;24307;-1;1;7
2170862;1;1;-53.164608;-70.915588;24307;-1;1;7
2185827;1;0;-53.165337;-70.927368;8458;-1;1;7
2191139;1;1;-53.144463;-70.923775;8457;-1;1;7
2194123;0;0;-51.740673;-72.485588;8412;-1;1;7
2206270;0;0;-53.161816;-70.947784;24318;-1;1;7
2223365;0;0;-53.163651;-70.916206;8458;-1;1;7
2225840;0;0;-53.165291;-70.943703;24305;-1;1;2
2232067;1;1;-53.154995;-70.940208;8457;-1;1;7
2241811;1;0;-51.727329;-72.50235;8422;-1;1;7
2260416;0;1;-53.161404;-70.924255;8458;-1;1;2
2287603;0;0;-53.163105;-70.917007;8437;-1;1;7
2329161;1;0;-51.730721;-72.506836;8422;-1;1;7
2356919;0;1;-53.164684;-70.916687;24329;-1;1;2
2361035;1;1;-51.731895;-72.477852;8422;-1;1;7
2372558;1;0;-53.163509;-70.918015;8457;-1;1;7
2373937;0;1;-53.164425;-70.918297;8436;-1;1;2
2394176;0;0;-51.733994;-72.485359;8412;-1;1;7
2405122;1;0;-51.731689;-72.504112;8422;-1;1;7
2412003;1;1;-53.163929;-70.916031;24307;-1;1;4
2423287;0;0;-53.148533;-70.901253;24329;-1;1;5
2443755;0;1;-51.734013;-72.516708;24317;-1;1;4
2446620;1;0;-53.16404;-70.918243;24313;-1;1;7
2461367;0;1;-53.176971;-70.942474;8435;-1;1;7
2463336;0;0;-53.151646;-70.90358;24307;-1;1;7
2464097;0;1;-51.727211;-72.505516;8412;-1;1;2
2469223;0;0;-51.733624;-72.517189;8421;-1;1;2
2498436;0;0;-53.179726;-70.944954;24334;-1;1;7
2526750;1;0;-51.731636;-72.507599;24317;-1;1;7
2530130;1;0;-53.16555;-70.937134;24334;-1;1;7
2539352;1;0;-53.156212;-70.936646;8458;-1;1;7
2596645;0;0;-53.172241;-70.925644;24329;-1;1;2
2616508;0;1;-53.135025;-70.925346;8439;-1;1;2
2624176;1;0;-51.724197;-72.50071;8412;-1;1;2
2643544;1;0;-53.163357;-70.918236;11678;-1;1;7
2649468;1;0;-53.178867;-70.945229;8457;-1;1;7
2664652;0;1;-51.734299;-72.492882;8421;-1;1;4
2678300;0;1;-53.163883;-70.917946;24329;-1;1;4
2697360;1;0;-53.154694;-70.936569;8457;-1;1;7
2712711;1;0;-53.164127;-70.916534;24318;-1;1;2
2718031;0;0;-53.159294;-70.926376;8454;-1;1;7
2753495;0;0;-53.16346;-70.916321;8458;-1;1;7
2755112;0;0;-53.143883;-70.90374;8442;-1;1;5
2768520;0;0;-53.157803;-70.90316;8438;-1;1;7
2784767;0;0;-53.164349;-70.917831;24329;-1;1;2
2789856;0;0;-53.1647;-70.915871;24338;-1;1;2
2827890;0;1;-53.163521;-70.918037;8435;-1;1;7
2840468;0;1;-53.173267;-70.925087;24305;-1;1;7
2878972;1;0;-53.124542;-70.884575;24313;-1;1;7
2885432;1;0;-53.16375;-70.917206;24305;-1;1;7
2901116;1;0;-53.162941;-70.918488;8457;-1;1;7
2918339;1;0;-53.13258;-70.923386;24338;-1;1;7
3026114;1;0;-53.16428;-70.917709;11678;-1;1;2
3084546;1;0;-53.163513;-70.91806;24338;-1;1;7
3092018;1;1;-53.140446;-70.896355;11680;-1;1;4
3094743;0;0;-53.164577;-70.917381;24307;-1;1;7
3126909;1;0;-53.161308;-70.939934;24307;-1;1;7
3134114;1;0;-53.174095;-70.929115;8434;-1;1;2
3205767;0;0;-53.164639;-70.918198;11680;-1;1;7
3225031;1;1;-53.133202;-70.911453;8436;-1;1;7
3249150;0;0;-53.295742;-70.366264;8475;-1;1;7
3265861;1;0;-53.157284;-70.945648;8441;-1;1;7
3287766;1;0;-53.164711;-70.918198;11678;-1;1;7
3288609;1;0;-51.73418;-72.485863;24317;-1;1;2
3300872;0;0;-53.141666;-70.920906;11678;-1;1;7
3310562;0;0;-53.16333;-70.915672;24307;-1;1;7
3369891;0;1;-53.16415;-70.91716;24318;-1;1;7
3425514;1;0;-53.163143;-70.917015;24313;-1;1;2
3434826;0;0;-53.158844;-70.926361;8458;-1;1;2
3436832;1;0;-53.147472;-70.88871;8457;-1;1;7
3459506;1;0;-53.168003;-70.929062;8458;-1;1;7
3463165;0;0;-53.146805;-70.923195;24307;-1;1;2
3479091;1;0;-53.29451;-70.368134;16895;-1;1;2
3486720;0;0;-53.172123;-70.936501;11680;-1;1;7
3491311;1;0;-53.163219;-70.915825;8457;-1;1;2
3499601;0;0;-51.738815;-72.485451;8413;-1;1;7
3502874;1;0;-53.164268;-70.916496;8439;-1;1;7
3506527;1;0;-53.164093;-70.918259;24307;-1;1;7
3507002;1;0;-52.316021;-69.690041;8470;-1;1;7
3516532;1;0;-53.145065;-70.911102;24307;-1;1;7
3521586;0;1;-53.155094;-70.94352;8458;-1;1;4
3536222;0;0;-53.170982;-70.943863;24302;-1;1;7
3550852;1;0;-53.148438;-70.90036;24307;-1;1;7
3570938;0;0;-53.16396;-70.917458;24307;-1;1;7
3575476;0;0;-51.73325;-72.516502;24317;-1;1;7
3599600;1;0;-53.163521;-70.918564;8457;-1;1;7
3651423;0;0;-51.734108;-72.516937;8421;-1;1;2
3692627;1;0;-53.163128;-70.918106;24307;-1;1;7
3694179;0;0;-53.168461;-70.938042;24318;-1;1;7
3726930;1;0;-53.134365;-70.90226;11680;-1;1;7
3763556;1;0;-53.175632;-70.94487;8433;-1;1;7
3769115;1;0;-51.733994;-72.51564;24317;-1;1;2
3813295;1;1;-53.16428;-70.915787;8457;-1;1;7
3815321;1;0;-51.730408;-72.496208;8412;-1;1;2
3817521;0;0;-53.170158;-70.942436;24302;-1;1;2
3923175;1;0;-53.145222;-70.899139;11680;-1;1;7
3951707;0;0;-53.137024;-70.906654;24329;-1;1;7
3977851;0;0;-51.725372;-72.510178;8415;-1;1;7
4018706;1;1;-51.733227;-72.477577;8415;-1;1;7
4022188;1;0;-51.732288;-72.507614;8422;-1;1;2
4034062;1;1;-53.163097;-70.917114;8433;-1;1;2
4045299;0;1;-52.315639;-69.690918;8470;-1;1;4
4056415;0;0;-51.733044;-72.516975;8421;-1;1;7
4057550;0;1;-51.734154;-72.483574;8421;-1;1;7
4069648;0;0;-53.128529;-70.919548;11680;-1;1;7
4078029;1;1;-51.733799;-72.515953;8417;-1;1;2
4084505;0;0;-53.177677;-70.938271;8454;-1;1;7
4141350;1;0;-53.163284;-70.918129;24318;-1;1;2
4166088;0;0;-53.133125;-70.925697;8454;-1;1;7
4199704;0;0;-53.15131;-70.912567;24307;-1;1;7
4223003;1;0;-53.166893;-70.938889;24338;-1;1;2
4250840;1;0;-53.163044;-70.916664;8457;-1;1;7
4272906;1;1;-53.292465;-70.367302;8475;-1;1;4
4289439;0;1;-51.733082;-72.50808;8412;-1;1;2
4290511;0;0;-53.167606;-70.913681;24307;-1;1;7
4307507;1;0;-53.163685;-70.916801;11680;-1;1;2
4353735;0;0;-53.162964;-70.917992;24313;-1;1;7
4372323;1;1;-53.133595;-70.929794;8441;-1;1;2
4382518;0;0;-53.163879;-70.915802;24307;-1;1;7
4384637;0;0;-53.171329;-70.918404;24305;-1;1;2
4394129;1;0;-53.164032;-70.918358;11680;-1;1;7
4444714;1;0;-53.144871;-70.89695;24307;-1;1;7
4445853;1;0;-53.16309;-70.915802;8442;-1;1;7
4457586;1;1;-53.136345;-70.925743;8436;-1;1;7
4461148;0;0;-53.170322;-70.951141;8442;-1;1;7
4467027;1;1;-53.174805;-70.946236;24302;-1;1;2
4470309;1;0;-53.14296;-70.897491;24307;-1;1;7
4483872;1;1;-53.131187;-70.916672;11680;-1;1;7
4512326;0;0;-51.725117;-72.494751;24317;-1;1;2
4531029;0;0;-53.161602;-70.94651;24329;-1;1;7
4565839;1;0;-51.733444;-72.479897;8412;-1;1;7
4608011;0;0;-53.163765;-70.916061;24329;-1;1;7
4640747;1;0;-53.15271;-70.888794;24313;-1;1;2
4642230;0;0;-53.151978;-70.906464;8454;-1;1;7
4655888;1;0;-53.171566;-70.938484;24302;-1;1;2
4668459;1;1;-53.177502;-70.944298;8435;-1;1;7
4716787;1;0;-53.163994;-70.916954;11678;-1;1;2
4735497;0;1;-51.73357;-72.483681;24317;-1;1;4
4740190;1;0;-53.16357;-70.916077;24307;-1;1;7
4742165;1;1;-51.731823;-72.490616;8417;-1;1;2
4811730;1;0;-53.160248;-70.935356;8457;-1;1;2
4826021;1;0;-53.151508;-70.942871;8441;-1;1;2
4849237;0;0;-53.163235;-70.942856;8458;-1;1;7
4867946;1;0;-53.165668;-70.934624;8435;-1;1;7
4874344;0;0;-53.16301;-70.918495;8454;-1;1;7
4903770;1;0;-53.164562;-70.915695;8442;-1;1;2
4916598;1;1;-51.720173;-72.495949;8422;-1;1;4
4975693;1;0;-51.734619;-72.488907;8412;-1;1;2
4999460;1;0;-53.1647;-70.9179;8436;-1;1;7
5039785;1;1;-53.296082;-70.367722;8475;-1;1;2
5042528;1;0;-53.16415;-70.917938;11680;-1;1;7
5098222;1;0;-53.16465;-70.917839;24307;-1;1;7
5100694;1;0;-53.16325;-70.916168;8442;-1;1;2
5108788;1;0;-51.733246;-72.504471;8422;-1;1;2
5111089;0;0;-53.164238;-70.916115;24318;-1;1;7
5148635;0;1;-53.148872;-70.901672;24307;-1;1;7
5160927;0;1;-53.163147;-70.917213;8458;-1;1;4
5175306;0;0;-53.144817;-70.916245;24307;-1;1;2
5228156;1;0;-53.173401;-70.938721;8457;-1;1;7
5282385;1;0;-53.166386;-70.934471;8458;-1;1;7
5293876;0;0;-53.126095;-70.877892;11680;-1;1;7
5301424;0;0;-54.936302;-67.600372;8483;-1;1;2
5413664;0;1;-51.733368;-72.491997;8412;-1;1;2
5466977;0;0;-51.691212;-72.441414;8420;-1;1;5
5495840;0;1;-53.16188;-70.944984;8458;-1;1;7
5499199;0;0;-53.158951;-70.93618;24329;-1;1;7
5552216;1;0;-53.146866;-70.910141;8457;-1;1;7
5599582;1;0;-53.149555;-70.931358;24307;-1;1;7
5635469;1;0;-52.909466;-71.171524;8457;-1;1;7
5675269;1;1;-51.734169;-72.483299;8412;-1;1;4
5680102;1;0;-53.173931;-70.937729;24307;-1;1;7
5735440;1;0;-53.16375;-70.91684;24307;-1;1;7
5738875;1;0;-53.178486;-70.941437;8438;-1;1;2
5741730;1;0;-53.164246;-70.917488;24338;-1;1;7
5748835;0;0;-53.295692;-70.363594;8475;-1;1;2
5788245;1;0;-53.166687;-70.928329;8457;-1;1;7
5832762;0;0;-53.164501;-70.916374;24318;-1;1;7
5880167;1;1;-53.141716;-70.932404;11687;-1;1;7
5880879;0;0;-53.164452;-70.916206;11680;-1;1;7
5900644;0;0;-53.152771;-70.907013;24307;-1;1;7
5924755;0;1;-51.734653;-72.500206;8421;-1;1;4
5956003;1;1;-53.147583;-70.913864;8437;-1;1;7
5966705;1;0;-53.164471;-70.916069;24302;-1;1;2
5971613;1;0;-53.16354;-70.936272;8458;-1;1;7
6013707;1;0;-53.158207;-70.923317;8458;-1;1;7
6021393;0;0;-51.73455;-72.489304;24317;-1;1;2
6025017;1;0;-53.295559;-70.36721;16895;-1;1;7
6040149;0;0;-53.15844;-70.93071;24318;-1;1;7
6041689;0;0;-53.138538;-70.906334;24307;-1;1;7
6069480;0;0;-53.171185;-70.919388;8434;-1;1;7
6082260;1;0;-53.143921;-70.89959;11680;-1;1;7
6146309;1;0;-53.141804;-70.921768;24307;-1;1;7
6153526;0;0;-53.145596;-70.887779;11680;-1;1;2
6184191;1;0;-53.164387;-70.916763;24307;-1;1;7
6228783;0;0;-53.162704;-70.925072;8434;-1;1;7
6242155;0;0;-53.163948;-70.916397;24313;-1;1;2
6265560;1;1;-53.164635;-70.916199;8458;-1;1;4
6269113;1;0;-53.164627;-70.916199;24307;-1;1;7
6278472;0;1;-51.725716;-72.495995;8412;-1;1;2
6355264;0;1;-53.164688;-70.916145;8449;-1;1;2
6359649;0;0;-53.131401;-70.913292;11680;-1;1;7
6423896;1;0;-53.169365;-70.938492;24302;-1;1;7
6431519;0;1;-51.732651;-72.516724;8421;-1;1;2
6464199;1;0;-53.175976;-70.947365;11680;-1;1;2
6465295;1;0;-53.138653;-70.896225;11680;-1;1;7
6474679;1;0;-53.15884;-70.904732;24307;-1;1;7
6487359;1;0;-53.295151;-70.361679;16895;-1;1;7
6529595;1;0;-53.162239;-70.917496;24305;-1;1;7
6568166;0;1;-53.176491;-70.926453;8458;-1;1;7
6568887;1;1;-53.125355;-70.880287;24313;-1;1;4
6569620;1;0;-53.161407;-70.911591;8457;-1;1;7
6589848;0;0;-53.139923;-70.899048;11680;-1;1;7
6589889;1;0;-51.726894;-72.491409;8422;-1;1;7
6598007;1;1;-53.164944;-70.940514;24318;-1;1;2
6663213;1;0;-53.170547;-70.948158;8457;-1;1;7
6674193;1;0;-53.169514;-70.929497;11680;-1;1;7
6701332;0;1;-53.163708;-70.916771;24318;-1;1;7
6707501;1;1;-53.154804;-70.903526;24307;-1;1;7
6714419;1;0;-53.164127;-70.916176;24338;-1;1;7
6723142;1;1;-53.144787;-70.922264;24338;-1;1;2
6723837;0;1;-51.73354;-72.516762;8412;-1;1;2
6727681;1;0;-53.176323;-70.945747;8457;-1;1;7
6734215;1;1;-53.132828;-70.921577;8457;-1;1;7
6736217;0;1;-53.179497;-70.948265;8454;-1;1;4
6779199;1;0;-53.149246;-70.903786;8442;-1;1;7
6828399;0;0;-53.143188;-70.883629;24334;-1;1;7
6876820;0;0;-53.157757;-70.929436;8458;-1;1;2
6895782;1;0;-53.177814;-70.939659;24307;-1;1;2
6904554;1;0;-53.048878;-70.888382;24307;-1;1;7
6920426;1;0;-53.161774;-70.91893;8458;-1;1;7
6927794;1;0;-53.162964;-70.916801;24307;-1;1;7
6932978;1;0;-51.733196;-72.518013;8413;-1;1;7
6943128;1;0;-53.133999;-70.911987;8437;-1;1;7
6959268;1;0;-53.166698;-70.915718;24305;-1;1;7
6967452;0;0;-53.163982;-70.916756;24307;-1;1;7
6980921;1;0;-53.163979;-70.91774;24317;-1;1;7
6992603;1;1;-53.158794;-70.935417;8458;-1;1;7
6993832;0;0;-53.164593;-70.915649;24302;-1;1;7
7025951;0;0;-53.146297;-70.941254;8454;-1;1;7
7043627;1;0;-53.175392;-70.929443;8457;-1;1;7
7086697;1;0;-53.146412;-70.913612;24338;-1;1;5
7093307;1;0;-53.16711;-70.911873;24307;-1;1;7
7110160;1;0;-53.146259;-70.918648;8457;-1;1;2
7128809;1;0;-53.158657;-70.903847;8457;-1;1;7
7139705;0;0;-53.15955;-70.936691;8454;-1;1;7
7178271;0;0;-53.163292;-70.916313;24305;-1;1;2
7250448;1;0;-53.142147;-70.927528;8457;-1;1;7
7274173;0;1;-53.145626;-70.921074;24338;-1;1;7
7290893;1;0;-52.552883;-70.408035;8470;-1;1;7
7325107;0;0;-53.164207;-70.915321;11687;-1;1;2
7342989;0;1;-51.733837;-72.516266;24317;-1;1;2
7350913;0;1;-51.733425;-72.484138;8421;-1;1;2
7364027;0;0;-53.138599;-70.911385;24338;-1;1;7
7373956;1;0;-53.164013;-70.918106;8449;-1;1;2
7383000;0;0;-53.164783;-70.905258;24307;-1;1;2
7399228;1;0;-53.164429;-70.917488;8436;-1;1;2
7417740;0;0;-53.147911;-70.905121;8442;-1;1;7
7422142;1;0;-53.154266;-70.941559;24307;-1;1;7
7438312;0;0;-51.739132;-72.490692;8413;-1;1;7
7448875;0;0;-53.161388;-70.898163;11678;-1;1;7
7511317;0;0;-53.163677;-70.921677;24329;-1;1;7
7551073;1;0;-51.733841;-72.496216;8413;-1;1;7
7551933;1;1;-53.166573;-70.918762;24307;-1;1;7
7589366;0;0;-53.156796;-70.931297;24329;-1;1;7
7653451;0;0;-53.181461;-70.938759;8454;-1;1;7
7660333;1;0;-53.163101;-70.917206;8457;-1;1;2
7662189;0;1;-53.141712;-70.919853;24305;-1;1;4
7677241;1;0;-53.176647;-70.926727;8434;-1;1;7
7678130;1;0;-53.153034;-70.907547;24305;-1;1;7
7701627;0;0;-53.154415;-70.945404;24329;-1;1;7
7715723;1;1;-51.733673;-72.516289;8417;-1;1;2
7731735;1;0;-53.163261;-70.917343;8457;-1;1;7
7732903;1;1;-51.725323;-72.489143;8412;-1;1;7
7737782;1;1;-51.741554;-72.486275;8421;-1;1;7
7742534;1;0;-53.159595;-70.928062;8458;-1;1;7
7769352;0;0;-53.136082;-70.909172;24307;-1;1;2
7769891;0;1;-54.933178;-67.617653;8483;-1;1;2
7812432;0;0;-53.182571;-70.943123;8454;-1;1;2
7815571;1;0;-53.164185;-70.915779;8458;-1;1;7
7819392;0;0;-53.165058;-70.919861;24313;-1;1;2
7824070;1;1;-53.139217;-70.908653;8457;-1;1;7
7852650;1;0;-53.142574;-70.888741;24307;-1;1;2
7871914;0;0;-53.170448;-70.919411;24329;-1;1;7
7876223;1;0;-53.143398;-70.913406;24307;-1;1;7
7877085;0;0;-53.152214;-70.943672;24311;-1;1;2
7962891;1;1;-54.933582;-67.616959;8483;-1;1;2
7962892;1;1;-53.13451;-70.89463;24313;-1;1;4
7964360;1;1;-51.728733;-72.492813;8413;-1;1;7
7983893;1;0;-53.149593;-70.911652;24307;-1;1;7
7991705;1;1;-53.175602;-70.930054;11680;-1;1;4
8023726;1;0;-53.170414;-70.944244;8457;-1;1;7
8040035;0;0;-53.143623;-70.896156;24313;-1;1;7
8044841;0;0;-53.163532;-70.915878;24311;-1;1;7
8049327;0;0;-53.164623;-70.916359;8449;-1;1;7
8092356;1;0;-53.163811;-70.917587;8436;-1;1;7
8128589;0;1;-53.163261;-70.918228;24313;-1;1;2
8133512;1;0;-53.127365;-70.879326;11680;-1;1;2
8137955;1;0;-53.294907;-70.368439;8475;-1;1;7
8137956;0;1;-53.163849;-70.917694;24313;-1;1;4
8143862;0;1;-51.721287;-72.496025;8412;-1;1;5
8196698;1;0;-53.143482;-70.915176;24338;-1;1;7
8219760;1;0;-53.143452;-70.905922;11680;-1;1;7
8223788;1;0;-53.171169;-70.943604;8458;-1;1;7
8278436;0;1;-53.171753;-70.938309;8458;-1;1;7
8297903;0;0;-53.16436;-70.917213;8454;-1;1;7
8318416;1;0;-53.167099;-70.942703;8457;-1;1;7
8320095;0;0;-53.166664;-70.931221;24329;-1;1;7
8336717;0;0;-53.135277;-70.892136;24313;-1;1;7
8420546;1;0;-54.934669;-67.603889;8483;-1;1;7
8470286;0;0;-53.143024;-70.882851;11680;-1;1;7
8475985;1;0;-53.164562;-70.917191;24313;-1;1;2
8487453;1;0;-53.153816;-70.907043;11680;-1;1;7
8510412;0;0;-53.296074;-70.36731;8475;-1;1;7
8533467;0;1;-53.164124;-70.916161;24307;-1;1;7
8553573;1;0;-51.737347;-72.478134;8412;-1;1;7
8595812;1;0;-53.135532;-70.908066;24307;-1;1;7
8603924;0;0;-53.163361;-70.915787;8454;-1;1;7
8603925;1;0;-53.12513;-70.873245;24313;-1;1;7
8627165;1;0;-53.143188;-70.905724;8439;-1;1;2
8628519;0;0;-53.156803;-70.889984;8438;-1;1;7
8673223;1;0;-53.1651;-70.931343;24307;-1;1;7
8689800;0;0;-53.163033;-70.91626;24307;-1;1;2
8718499;0;0;-53.134396;-70.917389;8442;-1;1;7
8757348;0;1;-51.256912;-72.342209;8421;-1;1;7
8778939;1;0;-51.734642;-72.492363;8412;-1;1;7
8782191;0;0;-53.171021;-70.91935;24307;-1;1;7
8839576;1;0;-53.14143;-70.875656;24313;-1;1;7
8846603;0;0;-53.176674;-70.920746;8454;-1;1;7
8852892;1;0;-53.153606;-70.922737;11680;-1;1;5
8857290;0;0;-53.164692;-70.917931;24307;-1;1;7
8887155;0;1;-53.159966;-70.936111;8458;-1;1;2
8888836;0;0;-51.737591;-72.478226;8413;-1;1;7
8891549;0;0;-53.14782;-70.883316;8454;-1;1;7
8893734;1;0;-53.296482;-70.365349;8475;-1;1;7
8901699;0;0;-53.163483;-70.917336;24318;-1;1;2
9000256;0;1;-53.177952;-70.949432;24307;-1;1;7
9001861;0;0;-53.29454;-70.362839;16895;-1;1;7
9030305;0;0;-53.152901;-70.937981;11680;-1;1;7
9056870;0;1;-53.148884;-70.901703;8449;-1;1;4
9078285;0;1;-53.166378;-70.906921;8458;-1;1;7
9103473;1;1;-53.163475;-70.916473;8458;-1;1;7
9133088;1;0;-53.296864;-70.366798;16895;-1;1;7
9159247;1;0;-51.733372;-72.484032;24317;-1;1;7
9163750;0;0;-53.171238;-70.918991;8434;-1;1;2
9173869;0;0;-53.163948;-70.916832;24318;-1;1;7
9198584;1;0;-53.14687;-70.898903;11680;-1;1;2
9230509;0;0;-53.132477;-70.924583;8442;-1;1;2
9236526;1;1;-53.141315;-70.914505;8441;-1;1;2
9253533;1;0;-53.17078;-70.944214;8434;-1;1;7
9283945;1;0;-53.163853;-70.931473;8435;-1;1;7
9327496;0;1;-53.181442;-70.947937;8435;-1;1;7
9335245;1;0;-53.169785;-70.942101;24307;-1;1;2
9354181;0;0;-51.722443;-72.492104;8421;-1;1;2
9387148;1;0;-53.181499;-70.93914;11680;-1;1;2
9398485;0;0;-53.169964;-70.924889;24305;-1;1;2
9407237;0;0;-53.143436;-70.90435;24307;-1;1;2
9466157;0;0;-54.934162;-67.604195;8483;-1;1;7
9473856;1;1;-53.158928;-70.944817;8441;-1;1;2
9497226;0;0;-53.163544;-70.918251;24318;-1;1;2
9504566;0;1;-53.141533;-70.893944;8439;-1;1;7
9510846;0;0;-53.147087;-70.912918;24307;-1;1;7
9533261;0;0;-53.155201;-70.938293;8441;-1;1;2
9535180;1;0;-53.164108;-70.918259;11680;-1;1;7
9582497;1;0;-53.163654;-70.918068;8457;-1;1;2
9607962;0;1;-53.154564;-70.925537;24307;-1;1;7
9616794;0;0;-53.160736;-70.942268;8458;-1;1;7
9661803;1;0;-53.163494;-70.917603;16895;-1;1;7
9691936;1;1;-53.156849;-70.923012;8458;-1;1;7
9739359;1;0;-53.156216;-70.93895;8457;-1;1;7
9763548;1;1;-53.163342;-70.916824;24318;-1;1;7
9768712;1;0;-53.163651;-70.915909;24318;-1;1;2
9770134;1;0;-53.124538;-70.871971;8457;-1;1;7
9774930;0;1;-53.145538;-70.922447;24305;-1;1;2
9785988;0;0;-53.161602;-70.913887;8439;-1;1;2
9897985;1;0;-53.153782;-70.939644;8457;-1;1;7
9906594;1;0;-53.138;-70.911682;24307;-1;1;7
9909853;0;0;-53.164772;-70.942314;24329;-1;1;2
9921748;1;0;-53.167824;-70.946419;24318;-1;1;7
9939990;0;0;-53.162582;-70.911797;24329;-1;1;7
9979574;0;0;-53.134342;-70.930016;11680;-1;1;7
9992061;0;0;-53.161446;-70.943443;8458;-1;1;7
9993997;1;0;-53.162968;-70.917358;11680;-1;1;7
10003534;1;1;-53.148457;-70.900078;8457;-1;1;2
10013219;0;1;-51.724766;-72.497231;8421;-1;1;4
10027276;0;1;-53.1647;-70.915947;8449;-1;1;4
10030134;0;0;-53.149746;-70.904831;8454;-1;1;7
10066822;0;0;-53.146748;-70.90303;24338;-1;1;7
10090518;0;0;-53.163002;-70.916573;24307;-1;1;2
10186433;1;0;-53.161545;-70.941597;24318;-1;1;2
10198970;1;1;-51.740788;-72.483047;8413;-1;1;2
10216062;1;0;-53.163399;-70.916252;8433;-1;1;7
10228264;1;0;-53.142467;-70.907326;24334;-1;1;7
10239281;0;0;-53.158024;-70.938828;8458;-1;1;2
10283793;0;0;-53.1614;-70.948563;24302;-1;1;2
10309536;0;0;-53.168007;-70.922615;24305;-1;1;7
10325443;1;0;-53.136909;-70.89991;11680;-1;1;7
10332441;1;0;-53.133598;-70.927788;24307;-1;1;7
10342127;0;1;-51.725044;-72.506409;8413;-1;1;7
10370909;1;1;-49.293064;-74.738861;8422;-1;1;2
10373621;1;0;-53.175053;-70.922409;24305;-1;1;7
10376927;0;0;-51.732368;-72.494209;8415;-1;1;7
10433016;0;0;-53.155224;-70.94178;8454;-1;1;7
10463031;0;0;-53.127472;-70.9179;24307;-1;1;7
10473539;1;0;-53.162724;-70.916397;8442;-1;1;7
10493946;0;0;-53.149803;-70.903831;24307;-1;1;7
10506599;1;0;-53.1745;-70.929985;8434;-1;1;2
10520590;0;1;-53.164497;-70.91732;24313;-1;1;7
10525941;1;0;-53.132114;-70.913391;8436;-1;1;7
10535105;1;0;-51.735023;-72.490402;8422;-1;1;2
10563790;1;0;-53.136765;-70.923912;24307;-1;1;7
10573943;1;0;-51.739113;-72.485718;8421;-1;1;5
10575169;0;0;-53.163116;-70.915726;8450;-1;1;2
10575687;1;0;-53.164021;-70.915871;8442;-1;1;7
10593233;0;0;-53.164646;-70.916656;24318;-1;1;2
10611318;0;0;-51.725544;-72.498421;8421;-1;1;7
10614854;1;0;-53.1633;-70.926704;8457;-1;1;7
10626883;1;0;-53.130634;-70.913406;24313;-1;1;7
10636357;1;0;-53.164288;-70.917847;11680;-1;1;7
10644946;1;1;-53.16148;-70.936745;8458;-1;1;2
10664642;0;0;-53.154751;-70.909851;11680;-1;1;7
10666280;0;1;-53.171265;-70.928177;8434;-1;1;7
10692921;0;0;-53.164314;-70.916199;8439;-1;1;7
10695616;1;0;-53.162952;-70.918411;11680;-1;1;7
10707163;0;0;-53.163425;-70.942093;24329;-1;1;7
10711523;0;0;-53.163174;-70.917206;8454;-1;1;7
10712908;0;1;-53.163223;-70.917458;8454;-1;1;7
10746461;1;0;-53.166729;-70.938049;24307;-1;1;7
10863403;0;0;-53.130253;-70.918488;24307;-1;1;2
10872475;1;0;-52.946636;-71.131531;24307;-1;1;7
10873591;1;0;-53.154324;-70.935234;8441;-1;1;7
10886836;0;0;-53.162949;-70.918365;8454;-1;1;7
10936050;1;0;-53.152481;-70.940865;11687;-1;1;7
10967454;1;0;-53.149178;-70.912323;24338;-1;1;7
10967823;1;1;-51.732651;-72.515846;24317;-1;1;7
11024376;1;0;-53.142853;-70.88797;11680;-1;1;7
11095125;1;0;-53.160179;-70.937172;8457;-1;1;7
11111152;0;0;-53.162308;-70.897507;8458;-1;1;7
11141497;1;0;-53.296375;-70.375801;16895;-1;1;2
11171172;1;1;-51.733562;-72.48568;8412;-1;1;2
11174718;1;0;-53.173145;-70.945099;24318;-1;1;7
11178531;0;1;-53.164131;-70.91642;24307;-1;1;4
11193219;0;1;-53.148876;-70.901505;8449;-1;1;4
11219992;1;0;-53.140778;-70.895706;24307;-1;1;7
11227686;0;0;-53.146118;-70.940536;11680;-1;1;7
11243038;0;1;-53.295692;-70.370972;8475;-1;1;4
11247156;0;1;-53.295586;-70.366417;8475;-1;1;7
11253810;0;0;-53.164337;-70.917084;24307;-1;1;7
11263995;0;0;-53.164268;-70.915916;24307;-1;1;7
11270024;0;1;-51.738846;-72.487442;8421;-1;1;2
11321416;0;0;-53.142662;-70.89975;24307;-1;1;7
11337105;0;0;-51.727428;-72.507393;8412;-1;1;2
11360957;0;0;-51.740616;-72.486038;8413;-1;1;7
11386537;1;0;-53.162697;-70.897346;24305;-1;1;7
11465732;1;1;-53.178604;-70.948555;24318;-1;1;7
11479722;0;0;-53.163433;-70.91571;24307;-1;1;7
11497657;0;0;-53.177155;-70.944008;24329;-1;1;2
11499989;1;0;-53.138958;-70.906319;24338;-1;1;7
11516340;0;0;-53.159943;-70.912102;24329;-1;1;7
11567200;0;1;-53.163246;-70.917709;8458;-1;1;2
11595493;1;0;-53.163464;-70.917336;8449;-1;1;2
11602066;0;1;-54.934227;-67.617561;8483;-1;1;4
11625901;1;0;-53.16354;-70.91745;8457;-1;1;7
11646770;1;0;-51.732193;-72.509865;24317;-1;1;7
11672142;0;1;-53.155769;-70.943115;8433;-1;1;4
11686595;0;0;-53.295517;-70.366173;16895;-1;1;7
11716649;1;1;-53.163055;-70.943085;8458;-1;1;7
11758315;1;1;-53.163849;-70.916016;8435;-1;1;7
11759221;0;1;-54.937199;-67.607101;8483;-1;1;2
11779674;1;0;-53.163277;-70.915993;8458;-1;1;7
11806785;0;1;-51.72121;-72.493355;8412;-1;1;7
11813228;1;1;-53.164555;-70.916832;16895;-1;1;7
11828387;0;0;-53.164631;-70.918213;11680;-1;1;7
11830331;0;0;-53.157566;-70.901321;24329;-1;1;7
11834807;0;0;-53.161114;-70.945908;8433;-1;1;2
11840102;1;0;-53.129425;-70.902466;24313;-1;1;7
11842186;0;1;-53.123543;-70.883316;24313;-1;1;7
11854478;0;0;-53.142445;-70.90123;24307;-1;1;7
11866410;0;1;-51.740517;-72.491013;8413;-1;1;2
11912870;1;1;-53.163597;-70.920235;24318;-1;1;7
11922673;1;1;-51.730392;-72.492378;8415;-1;1;2
11930597;0;0;-53.16391;-70.917389;24329;-1;1;7
11932935;0;0;-53.12923;-70.870369;24313;-1;1;7
11952835;0;0;-53.163589;-70.917664;24307;-1;1;7
11962353;0;0;-53.141296;-70.899818;11680;-1;1;7
11999496;1;0;-51.723507;-72.473053;8415;-1;1;7
12015599;0;1;-53.151924;-70.944145;24318;-1;1;7
12063984;1;0;-53.135193;-70.890015;11680;-1;1;7
12097284;1;0;-53.14682;-70.941719;8457;-1;1;7
12101087;1;1;-51.733814;-72.489456;8421;-1;1;2
12103562;1;0;-53.144958;-70.91571;8457;-1;1;7
12108352;0;1;-53.162937;-70.917107;8434;-1;1;7
12118033;0;1;-54.933193;-67.616653;8483;-1;1;2
12119576;0;0;-53.164436;-70.917023;24318;-1;1;2
12121841;1;1;-51.741375;-72.48568;8421;-1;1;2
12178339;1;0;-53.164268;-70.916122;11680;-1;1;7
12189368;0;1;-53.153748;-70.909332;24307;-1;1;4
12198561;0;0;-53.160641;-70.92157;24307;-1;1;7
12201687;0;0;-53.167793;-70.922615;24329;-1;1;7
12217305;0;1;-53.1637;-70.937447;8435;-1;1;7
12219274;1;1;-53.156113;-70.914871;24318;-1;1;7
12219518;1;0;-53.155506;-70.937126;8458;-1;1;7
12220377;0;0;-51.739952;-72.488045;8412;-1;1;7
12237987;1;0;-53.155624;-70.93512;8441;-1;1;7
12242234;0;0;-53.163235;-70.917099;11678;-1;1;2
12252913;1;0;-53.165886;-70.946487;24311;-1;1;7
12261186;0;0;-53.162941;-70.91851;11680;-1;1;7
12287640;1;0;-53.148716;-70.931763;8457;-1;1;7
12297425;1;0;-53.163845;-70.917007;8457;-1;1;7
12308021;1;0;-53.164516;-70.918427;8457;-1;1;7
12349053;0;0;-53.294865;-70.374565;8475;-1;1;2
12376350;0;0;-53.172058;-70.919601;8434;-1;1;7
12380007;0;0;-53.145325;-70.920334;24307;-1;1;7
12383246;1;0;-53.161644;-70.896614;8458;-1;1;7
12396729;1;0;-53.127422;-70.91375;24307;-1;1;7
12427515;1;0;-53.150936;-70.902557;24307;-1;1;7
12437748;1;1;-53.16449;-70.916885;8458;-1;1;7
12440478;1;0;-53.163769;-70.91806;24334;-1;1;7
12445585;0;0;-53.176319;-70.934029;24307;-1;1;7
12463286;0;1;-53.164726;-70.940849;24318;-1;1;7
12485042;0;0;-53.164116;-70.915855;8454;-1;1;7
12488398;1;1;-53.056248;-70.863892;8449;-1;1;4
12529429;1;0;-53.165817;-70.929695;24318;-1;1;7
12538506;0;0;-53.1684;-70.94165;8434;-1;1;7
12553750;0;0;-53.153477;-70.924873;8458;-1;1;7
12565071;1;0;-53.163345;-70.916336;8437;-1;1;2
12569306;1;0;-53.174725;-70.94207;11680;-1;1;2
12570375;1;0;-53.156109;-70.929466;8441;-1;1;7
12572064;1;1;-53.173904;-70.826233;8438;-1;1;4
12582274;1;0;-53.156033;-70.939362;24307;-1;1;2
12591419;1;0;-53.147526;-70.916534;24307;-1;1;2
12592381;0;0;-53.162987;-70.918114;8458;-1;1;7
12605034;1;1;-53.1436;-70.920349;8437;-1;1;2
12613346;0;0;-53.137577;-70.920105;24313;-1;1;7
12628551;0;0;-53.132301;-70.880341;11678;-1;1;2
12630089;1;0;-53.1646;-70.91835;24338;-1;1;2
12632287;1;0;-53.164455;-70.915833;8458;-1;1;7
12642284;0;0;-53.163593;-70.915977;24307;-1;1;7
12703797;1;1;-53.294521;-70.360092;8475;-1;1;7
12713859;0;0;-53.172966;-70.939224;24302;-1;1;2
12816824;0;1;-53.163776;-70.916542;24305;-1;1;7
12831985;0;0;-53.142128;-70.908913;8458;-1;1;7
12871774;1;1;-53.132729;-70.925461;24307;-1;1;7
12898129;1;0;-53.162914;-70.919128;8457;-1;1;7
12928902;0;0;-53.16544;-70.933792;8458;-1;1;2
12944949;1;0;-53.16396;-70.917679;11680;-1;1;7
12947717;1;0;-53.152874;-70.94635;24307;-1;1;5
12961220;1;0;-53.152023;-70.894737;24307;-1;1;2
12975715;1;0;-53.168941;-70.936981;8434;-1;1;7
12979025;1;0;-53.151112;-70.921127;24307;-1;1;7
12993359;0;1;-51.717205;-72.495857;8417;-1;1;2
13000757;1;1;-51.734577;-72.495422;8421;-1;1;4
13011108;0;0;-53.164631;-70.915619;8449;-1;1;7
13031025;0;0;-53.163342;-70.917107;8458;-1;1;7
13032174;1;0;-53.137524;-70.909714;11680;-1;1;7
13045206;1;0;-53.167015;-70.942192;24302;-1;1;7
13113053;0;1;-53.295269;-70.368011;16895;-1;1;4
13153781;0;1;-53.854912;-68.449532;8483;-1;1;4
13158583;1;0;-53.147415;-70.933327;8441;-1;1;2
13171928;0;0;-53.137936;-70.895393;24338;-1;1;2
13179443;1;0;-53.170448;-70.951019;24307;-1;1;7
13207576;1;1;-53.154884;-70.943367;8458;-1;1;7
13219562;0;0;-53.155998;-70.89859;24307;-1;1;2
13225794;0;0;-51.726135;-72.506706;24317;-1;1;2
13250595;1;0;-53.164116;-70.916862;24307;-1;1;7
13381287;1;1;-53.16275;-70.919174;24311;-1;1;7
13402982;0;0;-53.171143;-70.929184;24305;-1;1;7
13403298;0;0;-53.163334;-70.918091;8438;-1;1;7
13411816;1;1;-53.16283;-70.941727;8435;-1;1;4
13415880;1;1;-53.163425;-70.941948;8458;-1;1;7
13486512;1;1;-51.735088;-72.477005;8412;-1;1;7
13491030;0;0;-53.163757;-70.917473;24305;-1;1;7
13494565;1;1;-51.72514;-72.489311;8422;-1;1;4
13507136;1;1;-51.730309;-72.497002;8412;-1;1;7
13524161;1;0;-53.145058;-70.902031;11680;-1;1;7
13559772;0;0;-53.171165;-70.933578;11680;-1;1;7
13570346;1;1;-53.164574;-70.916939;16895;-1;1;7
13578798;1;0;-53.166286;-70.940178;8458;-1;1;7
13609689;1;1;-53.163292;-70.91732;8457;-1;1;7
13617471;0;0;-53.163036;-70.917099;8449;-1;1;2
13707156;1;0;-53.147259;-70.931885;11678;-1;1;7
13737797;0;1;-51.733349;-72.516487;8415;-1;1;2
13746289;1;1;-53.163441;-70.915985;8457;-1;1;4
13758387;1;1;-53.296482;-70.366043;8475;-1;1;2
13791060;1;0;-53.145542;-70.898094;24307;-1;1;7
13809298;0;0;-51.735443;-72.491196;8412;-1;1;2
13826242;0;0;-53.164818;-70.92923;24305;-1;1;7
13893380;1;1;-51.734142;-72.490593;8415;-1;1;4
13902856;0;0;-53.175945;-70.927322;8467;-1;1;7
13917883;0;0;-53.083618;-70.878029;8449;-1;1;2
13982628;1;0;-53.164658;-70.918274;8457;-1;1;7
13988638;0;0;-53.154186;-70.936615;11680;-1;1;7
14036090;1;0;-53.163849;-70.918129;8442;-1;1;7
14040727;1;0;-53.131927;-70.927109;8442;-1;1;7
14043226;0;0;-53.14439;-70.884209;8454;-1;1;7
14057685;1;0;-53.12682;-70.914551;24334;-1;1;7
14068654;0;0;-53.147282;-70.934181;11678;-1;1;2
14075470;0;0;-53.154156;-70.934647;24305;-1;1;2
14079555;1;1;-53.137455;-70.906906;8439;-1;1;4
14093288;0;1;-53.165142;-70.943306;24318;-1;1;7
14156383;1;0;-53.170975;-70.949989;8458;-1;1;7
14178940;0;1;-53.164646;-70.915756;8458;-1;1;2
14296081;0;1;-53.144329;-70.921112;11687;-1;1;4
14303993;0;0;-53.159294;-70.913399;8436;-1;1;7
14305533;1;0;-53.138569;-70.907974;24338;-1;1;7
14342766;0;0;-53.182137;-70.949432;24307;-1;1;7
14359657;0;0;-53.178318;-70.944038;24329;-1;1;7
14363011;0;0;-53.138046;-70.898293;11680;-1;1;2
14379208;1;0;-53.163448;-70.918312;8449;-1;1;7
14427646;1;0;-54.809242;-68.318184;8483;-1;1;2
14441960;0;0;-51.732006;-72.478012;8412;-1;1;2
14448908;0;0;-52.650482;-71.465256;24307;-1;1;7
14451589;1;0;-53.140419;-70.894493;8442;-1;1;7
14476844;1;0;-53.164425;-70.917328;24307;-1;1;7
14527342;0;0;-53.163273;-70.943283;24329;-1;1;7
14563892;0;0;-53.147053;-70.900444;24307;-1;1;7
14568758;0;0;-53.165062;-70.945068;8454;-1;1;7
14582354;1;0;-53.163227;-70.916023;24305;-1;1;7
14596857;1;0;-51.727192;-72.5056;8412;-1;1;7
14624125;1;0;-53.18388;-70.932419;8448;-1;1;2
14630351;1;0;-53.163391;-70.916534;8458;-1;1;2
14639494;1;1;-53.147182;-70.934448;24311;-1;1;7
14656065;1;1;-53.169685;-70.941078;8435;-1;1;7
14669486;0;0;-53.154598;-70.91053;24307;-1;1;7
14709287;0;0;-53.160206;-70.915192;8448;-1;1;7
14734758;0;0;-53.163673;-70.918152;8458;-1;1;2
14750316;1;1;-53.163086;-70.91803;8441;-1;1;2
14790594;1;0;-53.137402;-70.896553;11680;-1;1;7
14798402;0;0;-53.163582;-70.916107;24329;-1;1;7
14812834;1;0;-53.157784;-70.903137;8457;-1;1;7
14849058;0;0;-53.163639;-70.945992;8458;-1;1;2
14865537;1;0;-51.730263;-72.49736;24317;-1;1;7
14883933;1;1;-53.18362;-70.94873;8457;-1;1;7
14902207;0;1;-53.174908;-70.940353;24302;-1;1;2
14908714;0;0;-53.16465;-70.917442;24318;-1;1;7
14945346;0;0;-53.146671;-70.931313;11680;-1;1;7
14976973;1;0;-51.687927;-72.554482;24317;-1;1;7
14977554;0;0;-51.733738;-72.503494;8415;-1;1;2
14991850;1;1;-53.161209;-70.89666;8412;-1;1;7
14996132;1;1;-53.165737;-70.933746;8458;-1;1;7
15099651;1;0;-53.163227;-70.916138;24307;-1;1;7
15115951;1;0;-53.167564;-70.946564;8457;-1;1;7
15140552;1;0;-53.13932;-70.896797;11680;-1;1;7
15253056;0;0;-53.135494;-70.922531;11680;-1;1;2
15273909;0;0;-52.717243;-69.24852;24329;-1;1;2
15290277;0;0;-53.164597;-70.932648;8441;-1;1;7
15304285;0;0;-53.147072;-70.931442;24307;-1;1;7
15313854;0;0;-53.163372;-70.917267;11680;-1;1;7
15343186;1;0;-51.716228;-72.497429;8417;-1;1;2
15348870;0;0;-51.724476;-72.510529;24317;-1;1;2
15354927;1;0;-53.137695;-70.912155;24307;-1;1;7
15392487;0;0;-53.148964;-70.919861;11687;-1;1;2
15417276;1;0;-53.163891;-70.916367;8442;-1;1;7
15424063;0;0;-53.138351;-70.920677;24329;-1;1;7
15475719;1;0;-53.174782;-70.947777;24307;-1;1;7
15551328;0;1;-53.168671;-70.945061;24318;-1;1;2
15573063;1;0;-53.170441;-70.933556;8442;-1;1;7
15578412;0;0;-53.163548;-70.916321;24307;-1;1;7
15590883;1;0;-53.177471;-70.934517;24307;-1;1;7
15644895;1;0;-53.163887;-70.91674;8441;-1;1;7
15655536;0;0;-53.145267;-70.904312;24307;-1;1;7
15664450;0;0;-53.180531;-70.922615;24334;-1;1;7
15669256;0;0;-53.167885;-70.929482;8435;-1;1;2
15675498;1;0;-53.163029;-70.916115;24307;-1;1;7
15675938;0;0;-53.150116;-70.911049;11680;-1;1;7
15685247;0;0;-53.163494;-70.917625;24329;-1;1;7
15688453;0;0;-51.720905;-72.493744;8412;-1;1;7
15727315;0;0;-53.142269;-70.899452;11680;-1;1;7
15793379;0;0;-53.154102;-70.908691;24305;-1;1;7
15804622;1;0;-51.730957;-72.499237;8422;-1;1;7
15848973;0;1;-51.73061;-72.493324;8412;-1;1;4
15905394;1;0;-53.171684;-70.921425;8438;-1;1;2
15935438;0;0;-53.137215;-70.9188;11680;-1;1;7
15952620;0;0;-53.1535;-70.905479;11680;-1;1;7
15977000;0;0;-51.728619;-72.506676;8421;-1;1;7
15987484;0;0;-53.164154;-70.916252;11680;-1;1;7
16020006;0;0;-53.13472;-70.913567;8442;-1;1;7
16023100;1;1;-54.933876;-67.618225;8483;-1;1;4
16070633;1;1;-53.151215;-70.938011;8457;-1;1;7
16073985;0;0;-53.141758;-70.897713;11680;-1;1;7
16076375;1;1;-51.732525;-72.51577;8415;-1;1;2
16094336;0;1;-53.171032;-70.927856;24307;-1;1;2
16101698;0;1;-53.147663;-70.909248;24334;-1;1;4
16102515;1;0;-53.137489;-70.896835;24307;-1;1;7
16116394;0;1;-53.161366;-70.928078;8437;-1;1;7
16142503;0;1;-51.726303;-72.495766;8413;-1;1;4
16191053;1;0;-53.148239;-70.884697;11680;-1;1;7
16194314;0;0;-53.159676;-70.936066;8437;-1;1;7
16198601;1;0;-51.741199;-72.491028;8421;-1;1;2
16219698;0;1;-53.163937;-70.9179;8441;-1;1;4
16232266;1;0;-53.163715;-70.917625;11680;-1;1;7
16239389;1;0;-53.165108;-70.944046;8458;-1;1;2
16246315;1;0;-53.149635;-70.903954;11680;-1;1;7
16251163;0;0;-51.73151;-72.49894;8421;-1;1;2
16251981;0;0;-53.144577;-70.900887;8454;-1;1;7
16254698;1;0;-53.163227;-70.878014;24318;-1;1;7
16275657;1;0;-53.16412;-70.917564;8457;-1;1;7
16286973;1;0;-53.161118;-70.938675;8458;-1;1;7
16291414;0;0;-51.728477;-72.506226;24317;-1;1;2
16297705;1;0;-53.163849;-70.915588;24307;-1;1;7
16305320;1;0;-53.163544;-70.916656;24307;-1;1;7
16312226;1;0;-53.164082;-70.917641;24305;-1;1;2
16324893;1;1;-53.140408;-70.907684;24307;-1;1;7
16402480;1;0;-51.738934;-72.488716;24317;-1;1;7
16454845;0;1;-51.733288;-72.516289;8413;-1;1;2
16477215;0;0;-53.145794;-70.913765;11680;-1;1;2
16480497;0;0;-53.163754;-70.917961;24311;-1;1;7
16482979;0;0;-53.152962;-70.937592;8458;-1;1;7
16506519;0;0;-53.18224;-70.934479;24305;-1;1;7
16534109;1;1;-53.153671;-70.943596;24305;-1;1;7
16601510;1;0;-53.147171;-70.901009;8457;-1;1;7
16607076;0;0;-53.164619;-70.915741;8442;-1;1;7
16621818;0;1;-53.163158;-70.917519;24307;-1;1;7
16694597;1;0;-53.295948;-70.365273;16895;-1;1;2
16709750;0;0;-53.164345;-70.916901;24307;-1;1;2
16728545;0;0;-53.150333;-70.944633;8441;-1;1;7
16752741;0;0;-51.732521;-72.492813;8412;-1;1;7
16758671;0;0;-53.165005;-70.912766;24305;-1;1;7
16833320;1;0;-53.143436;-70.919815;24307;-1;1;7
16854575;1;0;-53.119267;-70.890144;24307;-1;1;7
16872546;1;0;-53.184097;-70.933647;24307;-1;1;7
16880284;0;0;-53.176525;-70.945663;8458;-1;1;7
16891830;0;1;-51.738743;-72.480171;24317;-1;1;4
16897240;0;0;-53.296249;-70.365311;16895;-1;1;7
16901570;0;0;-53.16457;-70.916328;8434;-1;1;2
16902616;1;0;-54.933151;-67.61747;8483;-1;1;7
16903117;1;1;-53.163555;-70.916336;8457;-1;1;2
16926959;0;0;-53.163834;-70.918259;8441;-1;1;5
16965661;0;0;-53.158005;-70.893295;24307;-1;1;7
16986505;1;0;-53.147728;-70.93322;24334;-1;1;7
16988153;0;1;-53.175148;-70.947411;24318;-1;1;7
16990084;0;0;-53.151295;-70.945526;11687;-1;1;7
17017389;1;0;-53.163216;-70.915688;8442;-1;1;2
17095879;0;0;-53.166294;-70.944702;24318;-1;1;7
17120321;0;0;-51.740086;-72.485771;8421;-1;1;7
17134269;0;0;-53.147552;-70.904205;24329;-1;1;7
17141183;0;0;-53.163681;-70.915665;24334;-1;1;7
17161964;1;0;-53.150234;-70.904755;24307;-1;1;7
17167175;0;1;-53.142761;-70.921463;8454;-1;1;2
17207532;1;0;-53.150635;-70.909225;24307;-1;1;7
17278598;1;0;-53.128456;-70.867889;11680;-1;1;7
17299683;0;0;-53.135929;-70.901184;24338;-1;1;2
17332690;0;0;-53.163742;-70.916031;11680;-1;1;2
17360430;1;0;-53.163265;-70.916542;24307;-1;1;2
17406863;0;1;-53.1684;-70.936165;8435;-1;1;7
17435915;0;0;-53.185486;-70.944489;8435;-1;1;2
17452212;1;1;-53.178604;-70.944794;24302;-1;1;2
17499445;1;0;-53.163956;-70.918335;8441;-1;1;7
17502496;0;1;-53.155479;-70.935799;8458;-1;1;2
17512342;0;0;-53.163803;-70.917725;8454;-1;1;7
17525131;1;0;-51.731636;-72.511909;8422;-1;1;7
17533338;0;0;-53.137756;-70.919823;24305;-1;1;7
17588434;0;0;-53.163818;-70.916023;24307;-1;1;7
17627534;0;0;-53.164375;-70.917793;24307;-1;1;7
17700868;0;0;-53.164421;-70.917953;24334;-1;1;7
17781290;0;0;-53.139828;-70.879318;24313;-1;1;7
17782279;1;1;-53.153889;-70.906891;8457;-1;1;4
17795108;0;1;-53.174576;-70.939941;24307;-1;1;4
17830193;1;0;-53.181698;-70.949585;24307;-1;1;7
17856917;1;0;-53.142162;-70.905426;8442;-1;1;7
17873679;1;0;-53.171524;-70.940865;24318;-1;1;7
17892847;1;0;-53.152374;-70.943993;24305;-1;1;2
17973157;0;0;-53.164665;-70.916183;24307;-1;1;7
17981273;1;1;-53.163475;-70.916451;8439;-1;1;7
17982173;0;0;-53.163082;-70.917488;24307;-1;1;7
18023300;0;0;-53.1437;-70.901741;24307;-1;1;7
18031027;0;0;-51.732487;-72.516953;24317;-1;1;7
18056193;0;1;-51.740749;-72.486465;8412;-1;1;7
18083916;0;0;-53.163364;-70.91835;11680;-1;1;7
18087559;1;1;-51.734001;-72.516121;8417;-1;1;2
18097963;1;0;-53.153931;-70.935036;8458;-1;1;7
18139079;1;0;-53.173111;-70.93158;24305;-1;1;5
18139246;1;1;-53.16386;-70.916451;8457;-1;1;7
18163498;0;0;-53.163464;-70.916939;11680;-1;1;7
18193896;1;0;-53.16441;-70.918175;8458;-1;1;7
18199700;1;0;-53.161205;-70.931679;24307;-1;1;7
18200336;1;1;-53.145378;-70.912407;8437;-1;1;7
18211665;1;0;-53.172031;-70.920647;24307;-1;1;7
18220476;1;0;-53.128609;-70.870407;24313;-1;1;2
18236288;1;1;-53.14217;-70.913681;24334;-1;1;7
18250897;1;1;-53.163433;-70.917183;8450;-1;1;2
18263090;1;0;-51.725025;-72.499901;8422;-1;1;7
18272770;0;1;-53.145611;-70.920937;8439;-1;1;7
18277874;1;0;-53.161316;-70.930489;8458;-1;1;7
18296260;0;0;-53.142559;-70.921646;8454;-1;1;7
18306344;1;1;-51.728027;-72.483429;8412;-1;1;7
18306345;0;0;-53.164726;-70.915733;24305;-1;1;2
18315893;1;0;-53.156174;-70.900955;8458;-1;1;7
18321624;1;0;-53.175121;-70.926125;24305;-1;1;7
18332003;1;0;-51.739929;-72.488678;8421;-1;1;2
18339537;1;1;-53.164543;-70.91745;8441;-1;1;2
18360594;0;0;-53.151661;-70.886772;24338;-1;1;7
18364542;1;0;-53.142727;-70.926292;24334;-1;1;7
18385285;0;0;-51.735355;-72.491402;24317;-1;1;7
18489533;0;0;-53.163544;-70.91568;8454;-1;1;7
18506103;0;0;-53.126301;-70.880363;24313;-1;1;7
18509447;0;1;-53.164082;-70.915924;24329;-1;1;4
18511764;0;0;-53.155025;-70.93866;24329;-1;1;7
18517702;1;0;-53.141487;-70.912743;11680;-1;1;7
18542856;1;0;-53.16473;-70.916107;8449;-1;1;7
18543928;0;0;-53.154469;-70.93853;8458;-1;1;7
18577240;1;0;-53.164146;-70.917862;24307;-1;1;7
18586040;1;0;-53.167244;-70.942818;24307;-1;1;7
18598087;0;0;-53.163589;-70.916092;24318;-1;1;7
18624973;0;1;-53.165722;-70.933266;8439;-1;1;7
18625054;1;1;-53.163612;-70.917778;8457;-1;1;7
18638359;1;0;-53.175358;-70.937462;24307;-1;1;7
18640816;0;0;-53.171753;-70.932915;24305;-1;1;2
18675444;1;0;-53.160885;-70.918304;24305;-1;1;7
18699813;0;0;-53.140156;-70.896133;11680;-1;1;7
18705842;0;0;-53.163742;-70.915894;8435;-1;1;7
18728746;0;0;-51.733921;-72.483162;8421;-1;1;7
18731528;0;0;-53.168671;-70.942268;8454;-1;1;7
18801365;1;0;-53.16116;-70.898392;11680;-1;1;7
18826997;1;0;-53.136959;-70.896942;11680;-1;1;7
18835762;0;1;-54.932915;-67.617119;8483;-1;1;7
18838163;1;0;-53.130978;-70.914246;24307;-1;1;7
18843946;0;0;-53.152283;-70.910667;24307;-1;1;7
18854883;1;0;-51.729588;-72.49704;24317;-1;1;7
18866016;0;0;-53.163696;-70.915733;24329;-1;1;2
18874615;1;1;-53.124332;-70.88974;24313;-1;1;7
18901970;1;1;-51.732712;-72.500999;8413;-1;1;4
18946000;0;1;-53.160522;-70.934868;8458;-1;1;7
18966659;0;0;-53.146996;-70.913872;24307;-1;1;2
19004112;1;0;-53.136608;-70.889061;8457;-1;1;7
19028400;1;0;-53.164402;-70.916946;24305;-1;1;2
19078816;1;0;-53.164005;-70.916931;24307;-1;1;2
19102327;0;1;-51.733612;-72.515999;8421;-1;1;2
19120317;1;1;-53.174648;-70.943031;24307;-1;1;7
19143717;0;1;-53.150452;-70.917099;8437;-1;1;7
19179269;1;0;-53.142677;-70.901237;24307;-1;1;7
19218935;1;1;-53.160084;-70.938538;24307;-1;1;7
19226037;1;0;-53.164131;-70.91713;11678;-1;1;7
19240590;1;0;-53.176544;-70.926201;8434;-1;1;7
19249740;1;0;-53.131348;-70.872574;11680;-1;1;7
19278091;0;0;-53.164398;-70.916084;24338;-1;1;7
19281661;0;0;-53.142517;-70.934959;24307;-1;1;7
19343123;1;1;-53.162941;-70.917946;24307;-1;1;7
19369862;0;0;-53.180996;-70.937103;24307;-1;1;7
19371542;0;0;-53.143105;-70.922432;11680;-1;1;7
19402342;0;1;-51.740192;-72.482353;24317;-1;1;7
19421593;0;0;-53.163128;-70.917961;24329;-1;1;7
19429874;1;0;-53.163536;-70.917183;11680;-1;1;2
19461278;0;0;-53.144287;-70.933182;24307;-1;1;7
19471606;0;0;-53.156246;-70.914726;11680;-1;1;2
19485631;0;0;-53.158863;-70.945694;24307;-1;1;7
19539074;1;1;-51.724266;-72.485657;8417;-1;1;2
19591253;0;0;-53.154793;-70.907402;24307;-1;1;7
19690693;0;0;-53.16333;-70.917564;8454;-1;1;2
19699365;1;0;-53.132195;-70.915337;8442;-1;1;2
19757813;0;1;-53.164253;-70.916985;8435;-1;1;7
19764719;1;1;-53.149338;-70.913231;8438;-1;1;7
19824230;0;1;-51.731674;-72.491829;8412;-1;1;7
19851314;0;0;-53.172085;-70.92511;8434;-1;1;7
19895451;1;0;-53.147255;-70.921227;24334;-1;1;7
19939344;1;0;-53.152882;-70.89917;11680;-1;1;2
19948883;0;0;-53.14555;-70.902222;8454;-1;1;7
19977008;0;0;-53.174797;-70.936829;8454;-1;1;7
19978391;1;1;-53.164711;-70.917091;8433;-1;1;2
19983620;0;1;-53.170002;-70.926857;24329;-1;1;4
20024722;1;0;-51.732689;-72.498085;8422;-1;1;7
20024924;1;1;-53.296715;-70.365822;8475;-1;1;4
20089226;0;1;-53.163097;-70.915718;8442;-1;1;2
20093687;1;1;-53.166847;-70.944115;24302;-1;1;7
20122298;0;1;-53.162445;-70.898735;8437;-1;1;2
20142095;1;0;-53.137821;-70.88842;24307;-1;1;7
20164124;1;0;-53.147308;-70.927925;11680;-1;1;7
20165902;1;1;-53.153126;-70.916512;8437;-1;1;7
20192930;0;0;-53.155277;-70.907166;8454;-1;1;7
20194905;0;0;-53.151257;-70.904854;8454;-1;1;7
20255735;1;1;-53.295597;-70.366859;8475;-1;1;2
20288633;1;1;-53.14785;-70.883385;24313;-1;1;2
20352997;1;0;-53.166088;-70.909691;11680;-1;1;7
20397079;1;0;-53.16423;-70.917191;24302;-1;1;7
20468049;0;0;-53.145763;-70.909683;8454;-1;1;5
20485998;0;0;-53.083435;-70.884705;8449;-1;1;2
20507088;0;0;-51.739956;-72.480331;24317;-1;1;7
20508232;1;0;-53.123211;-70.883461;24313;-1;1;5
20583763;1;1;-51.73632;-72.476341;8421;-1;1;7
20602061;0;0;-53.172207;-70.925018;24329;-1;1;2
20604140;1;1;-51.733959;-72.517097;8417;-1;1;2
20649521;1;0;-53.124119;-70.880661;24313;-1;1;7
20708519;1;0;-53.152149;-70.936066;8441;-1;1;2
20709492;1;0;-53.136578;-70.922539;24307;-1;1;7
20729902;1;0;-53.164452;-70.918327;24311;-1;1;7
20737482;1;1;-53.136398;-70.908073;24307;-1;1;7
20741460;0;0;-53.294891;-70.370399;16895;-1;1;7
20800207;1;1;-52.800678;-70.800163;24305;-1;1;7
20825921;0;0;-53.164364;-70.916687;24307;-1;1;7
20828317;0;0;-53.160194;-70.889999;8438;-1;1;7
20907335;1;0;-53.154568;-70.937897;8457;-1;1;7
20935061;0;0;-53.163559;-70.91732;24302;-1;1;7
20935807;0;0;-53.142872;-70.920364;24307;-1;1;7
20941505;1;0;-53.173424;-70.921097;24307;-1;1;7
20957449;0;1;-53.150612;-70.907097;24329;-1;1;2
20960877;1;1;-53.163418;-70.917618;24318;-1;1;7
20961272;0;0;-51.731869;-72.501236;24317;-1;1;7
20976669;1;0;-53.145782;-70.894264;24307;-1;1;7
20985982;0;0;-53.15369;-70.887085;11680;-1;1;7
20990161;1;0;-53.164257;-70.915894;8435;-1;1;5
21001868;0;0;-53.154682;-70.89019;24307;-1;1;7
21027290;0;0;-53.291748;-70.3675;8475;-1;1;5
21055012;0;0;-53.16325;-70.915657;24311;-1;1;2
21064899;0;0;-53.183388;-70.945953;8458;-1;1;7
21090186;1;0;-53.162315;-70.940788;8457;-1;1;7
21111811;0;1;-53.159748;-70.905373;24307;-1;1;7
21137617;1;0;-53.163662;-70.916939;24338;-1;1;7
21145972;0;1;-51.732552;-72.484512;8421;-1;1;7
21159572;1;0;-53.164349;-70.915863;8457;-1;1;7
21184112;1;0;-53.135952;-70.895172;24313;-1;1;7
21198141;0;0;-53.164703;-70.915962;24329;-1;1;7
21211846;1;0;-53.166588;-70.942474;24318;-1;1;7
21230114;1;0;-53.164577;-70.918236;8457;-1;1;7
21240568;0;0;-53.151814;-70.92942;11680;-1;1;7
21278892;1;0;-53.163364;-70.916298;24307;-1;1;7
21288121;0;0;-51.724869;-72.501579;8412;-1;1;2
21306439;0;0;-52.798267;-71.31794;8458;-1;1;7
21311606;0;1;-53.154163;-70.910507;24307;-1;1;4
21312525;0;0;-53.163734;-70.917931;11680;-1;1;7
21317831;0;0;-53.131981;-70.916618;8454;-1;1;7
21329607;0;0;-53.168438;-70.914749;24305;-1;1;7
21355182;1;1;-53.156853;-70.902542;24307;-1;1;4
21366622;1;1;-51.733898;-72.503792;8422;-1;1;2
21366661;1;0;-53.1633;-70.915619;11680;-1;1;7
21377930;0;0;-53.134113;-70.926399;11680;-1;1;7
21384527;0;1;-53.164185;-70.916595;8458;-1;1;4
21397175;1;0;-53.147099;-70.919907;11678;-1;1;2
21399221;1;0;-53.164703;-70.917976;24305;-1;1;7
21402377;1;0;-53.15284;-70.887207;11680;-1;1;7
21406234;0;1;-51.723862;-72.486961;8412;-1;1;7
21434995;0;1;-51.727512;-72.493767;8412;-1;1;7
21444750;0;0;-53.162941;-70.916809;24329;-1;1;2
21451501;1;0;-53.164204;-70.917297;24307;-1;1;2
21451777;0;0;-53.13937;-70.915535;24329;-1;1;7
21506327;1;0;-53.164513;-70.917625;8458;-1;1;7
21545043;1;1;-53.163589;-70.917427;8457;-1;1;7
21570179;0;0;-53.164318;-70.917145;24307;-1;1;7
21604454;1;0;-53.145271;-70.90332;24307;-1;1;7
21616403;1;0;-53.162685;-70.940834;24318;-1;1;2
21650122;0;0;-53.160908;-70.914368;24329;-1;1;7
21676973;0;1;-51.729618;-72.495636;8412;-1;1;2
21693400;0;0;-53.164238;-70.916641;24305;-1;1;7
21727334;1;0;-53.163921;-70.918114;24305;-1;1;7
21730651;1;1;-53.163574;-70.917183;8435;-1;1;7
21733529;1;0;-53.14426;-70.882187;8436;-1;1;7
21757366;1;0;-53.164608;-70.907379;8457;-1;1;7
21771899;1;1;-53.150875;-70.915924;24338;-1;1;7
21814353;1;0;-53.172577;-70.939415;24305;-1;1;7
21816432;0;0;-53.146832;-70.899948;11680;-1;1;2
21839540;1;0;-53.156528;-70.892761;8457;-1;1;7
21922899;1;0;-53.154663;-70.916046;8437;-1;1;2
21941363;0;0;-53.167473;-70.929115;24307;-1;1;7
22083827;1;0;-53.156101;-70.900398;24338;-1;1;2
22102090;1;0;-53.16114;-70.897438;8479;-1;1;7
22103550;1;1;-53.156239;-70.93924;24318;-1;1;7
22190278;1;0;-53.163429;-70.917412;8439;-1;1;2
22213762;1;0;-53.164722;-70.916183;8458;-1;1;2
22239149;0;0;-53.154266;-70.907417;24338;-1;1;7
22243844;0;0;-53.125751;-70.882561;24313;-1;1;7
22258442;0;0;-53.164188;-70.918289;8458;-1;1;2
22258536;1;0;-53.139446;-70.930191;24307;-1;1;7
22289952;1;0;-53.160915;-70.896301;8483;-1;1;7
22299333;0;0;-54.933449;-67.61731;8483;-1;1;7
22329791;0;0;-53.14637;-70.904816;8454;-1;1;7
22340226;0;0;-53.173672;-70.939392;8448;-1;1;7
22365639;1;0;-53.164448;-70.916382;24307;-1;1;7
22398004;0;0;-53.162952;-70.9179;24305;-1;1;7
22445485;1;0;-53.164196;-70.916313;11680;-1;1;7
22454638;1;1;-53.142105;-70.907562;24334;-1;1;7
22467170;1;0;-53.295444;-70.365837;16895;-1;1;7
22493836;1;0;-52.717041;-69.251251;8479;-1;1;2
22508321;1;0;-53.129429;-70.867332;24313;-1;1;7
22512451;0;0;-53.155182;-70.93705;8458;-1;1;2
22514171;1;0;-53.156658;-70.887527;24307;-1;1;7
22569094;0;0;-53.163216;-70.917923;8442;-1;1;2
22581905;1;0;-53.156162;-70.900047;24307;-1;1;7
22609872;0;0;-53.162975;-70.916634;8454;-1;1;2
22610987;0;1;-51.739872;-72.487152;8412;-1;1;7
22611768;1;1;-51.740089;-72.487404;8412;-1;1;7
22617889;0;0;-53.166698;-70.914711;24329;-1;1;7
22646492;0;0;-53.159;-70.894012;24329;-1;1;7
22648296;0;1;-53.164005;-70.916496;8441;-1;1;2
22671724;1;1;-51.726681;-72.488564;8422;-1;1;7
22690165;1;0;-53.161411;-70.943527;24313;-1;1;2
22692062;1;0;-53.163189;-70.916153;11680;-1;1;7
22704602;0;0;-51.734253;-72.485794;8421;-1;1;2
22721856;1;0;-53.163521;-70.91655;24338;-1;1;7
22755760;0;1;-53.16468;-70.938148;8435;-1;1;2
22766384;0;0;-53.134293;-70.889427;24307;-1;1;7
22778742;0;0;-53.138252;-70.91642;24307;-1;1;7
22800406;1;0;-53.140339;-70.896492;11680;-1;1;7
22801874;0;0;-51.729198;-72.506622;8412;-1;1;7
22805095;0;0;-53.164047;-70.916023;24334;-1;1;7
22815938;0;1;-51.729958;-72.497925;8421;-1;1;7
22832905;1;0;-53.164352;-70.91658;8457;-1;1;7
22861215;0;0;-53.161762;-70.913597;24307;-1;1;2
22893500;0;0;-53.183834;-70.935677;11680;-1;1;7
22901530;0;0;-51.228069;-72.971199;8412;-1;1;7
22963192;1;0;-53.163643;-70.917023;8458;-1;1;2
23007431;0;0;-53.163563;-70.920479;11680;-1;1;7
23011922;0;1;-53.296482;-70.367424;8475;-1;1;2
23030988;0;0;-51.730705;-72.466599;24317;-1;1;2
23077216;0;0;-53.173565;-70.94326;8438;-1;1;7
23085790;0;0;-53.141579;-70.928833;8439;-1;1;2
23098650;1;0;-53.163193;-70.918564;8457;-1;1;7
23141809;1;0;-53.163742;-70.915833;8457;-1;1;7
23192434;1;0;-53.148468;-70.920448;11680;-1;1;7
23194440;1;1;-53.155113;-70.938843;24307;-1;1;7
23218606;1;0;-53.159977;-70.929764;8458;-1;1;7
23222724;0;1;-51.733673;-72.512505;8412;-1;1;7
23232793;1;0;-53.164024;-70.916161;24302;-1;1;2
23240459;0;0;-51.741539;-72.491966;8421;-1;1;2
23264442;0;1;-53.143066;-70.903862;8442;-1;1;7
23284422;1;1;-53.135986;-70.894989;24307;-1;1;4
23291720;0;1;-51.734814;-72.494125;8413;-1;1;4
23295738;0;0;-51.730419;-72.490509;24317;-1;1;7
23296548;0;0;-53.163364;-70.917648;24318;-1;1;2
23378674;1;0;-51.736149;-72.490944;8412;-1;1;7
23380492;1;0;-53.177574;-70.939522;24338;-1;1;2
23388789;1;0;-53.145252;-70.927139;24307;-1;1;2
23395746;1;0;-53.164288;-70.918259;8433;-1;1;2
23437148;0;1;-52.776459;-69.290642;8479;-1;1;4
23445433;1;1;-53.172981;-70.932205;8442;-1;1;4
23508368;1;0;-53.17754;-70.92823;8457;-1;1;7
23536196;1;0;-53.147354;-70.913528;8457;-1;1;7
23554464;0;0;-53.177505;-70.925453;8438;-1;1;7
23568353;0;0;-53.163059;-70.916954;11680;-1;1;7
23568813;1;1;-53.164158;-70.916405;8438;-1;1;7
23579254;0;0;-53.136658;-70.927429;24329;-1;1;7
23585973;1;0;-53.142586;-70.927376;24307;-1;1;7
23660117;1;0;-53.16473;-70.917587;24307;-1;1;7
23700082;1;0;-51.740025;-72.487709;8421;-1;1;2
23701720;0;0;-53.295506;-70.377663;8475;-1;1;5
23730724;0;0;-51.7309;-72.496452;8412;-1;1;7
23732364;1;1;-53.164516;-70.917168;8442;-1;1;4
23740264;1;1;-51.739941;-72.489586;8421;-1;1;7
23752066;1;0;-53.143208;-70.902222;24307;-1;1;7
23756650;0;1;-54.933491;-67.596825;8483;-1;1;4
23863105;0;0;-53.164589;-70.917244;8454;-1;1;7
23907834;1;0;-54.93486;-67.602867;8483;-1;1;7
23919460;1;0;-53.163826;-70.915817;24305;-1;1;7
23941800;0;0;-53.146832;-70.904526;24338;-1;1;7
23948783;1;0;-53.160011;-70.903114;8457;-1;1;7
23971757;1;0;-53.164722;-70.91774;8442;-1;1;7
23983138;0;0;-53.15403;-70.932503;8458;-1;1;7
24105178;0;0;-53.163181;-70.917542;11680;-1;1;7
24170540;0;0;-53.166512;-70.948349;24318;-1;1;7
24172589;1;0;-51.731461;-72.499245;8422;-1;1;7
24178832;1;1;-53.136005;-70.924271;8436;-1;1;7
24189160;0;1;-51.733826;-72.516861;8412;-1;1;2
24233919;1;0;-53.183628;-70.947708;24307;-1;1;7
24243661;1;1;-53.148838;-70.900772;11687;-1;1;7
24278186;1;0;-53.144455;-70.921844;24307;-1;1;7
24344549;0;0;-51.732796;-72.492355;24317;-1;1;7
24344598;0;1;-53.134541;-70.92408;8433;-1;1;2
24348206;0;1;-54.935246;-67.604973;8483;-1;1;4
24351475;1;0;-53.16357;-70.918159;24313;-1;1;7
24365450;0;0;-53.164577;-70.915665;8441;-1;1;7
24367073;0;1;-53.176167;-70.94735;8454;-1;1;4
24368744;1;0;-53.148609;-70.929932;11680;-1;1;7
24380929;0;1;-53.14259;-70.926956;24329;-1;1;2
24406322;0;0;-53.158833;-70.897552;24307;-1;1;7
24442362;1;0;-53.163437;-70.918045;8441;-1;1;2
24457108;1;1;-51.733864;-72.517029;8412;-1;1;2
24494037;1;0;-53.163277;-70.917641;24313;-1;1;7
24504830;1;0;-53.177399;-70.938011;24302;-1;1;2
24536890;0;1;-51.728546;-72.498276;8412;-1;1;7
24540169;1;0;-53.163425;-70.918388;24307;-1;1;2
24541339;1;1;-53.182056;-70.948914;8436;-1;1;2
24547909;1;0;-53.143723;-70.899467;24307;-1;1;2
24570292;0;0;-53.175854;-70.929855;24305;-1;1;7
24624187;1;0;-53.157291;-70.893555;8438;-1;1;2
24625746;1;0;-53.150974;-70.912827;24307;-1;1;2
24685989;0;0;-53.164436;-70.917786;11680;-1;1;5
24698498;1;0;-54.932766;-67.616699;8483;-1;1;2
24708173;1;1;-53.146366;-70.940758;8439;-1;1;2
24716622;0;1;-53.164585;-70.918556;11680;-1;1;7
24836589;1;0;-51.733131;-72.517426;8422;-1;1;2
24860278;1;0;-53.15868;-70.913383;8458;-1;1;7
24866456;1;0;-53.157753;-70.886757;8457;-1;1;7
24883599;0;1;-53.295895;-70.367561;16895;-1;1;4
24885808;1;0;-51.734447;-72.488426;24317;-1;1;7
24908565;0;1;-49.292919;-74.739807;8415;-1;1;2
24914132;1;0;-53.139606;-70.91111;24307;-1;1;7
24915210;0;0;-53.150696;-70.914688;24307;-1;1;7
24922248;0;0;-53.163429;-70.916832;8441;-1;1;7
24937833;0;0;-53.144333;-70.904076;24307;-1;1;7
24959937;1;0;-51.741253;-72.487;8413;-1;1;2
24981802;1;0;-53.163071;-70.915886;24313;-1;1;2
24998142;0;0;-53.165806;-70.92778;24305;-1;1;2
25490620;0;0;-53.164692;-70.938271;8458;-1;1;7
25493349;0;0;-51.725117;-72.488388;8412;-1;1;7
25501628;1;0;-53.161186;-70.917793;8436;-1;1;7
